Year,Facebook,Flickr,Friendster,Google Buzz,Google+,Hi5,Instagram,MySpace,Orkut,Pinterest,Reddit,Snapchat,TikTok,Tumblr,Twitter,WeChat,Weibo,Whatsapp,YouTube
2002,0.0,0.0,3000000.0,0.0,0.0,0.0,0.0,0.0,0.0,0.0,0.0,0.0,0.0,0.0,0.0,0.0,0.0,0.0,0.0
2003,0.0,0.0,4470000.0,0.0,0.0,0.0,0.0,0.0,0.0,0.0,0.0,0.0,0.0,0.0,0.0,0.0,0.0,0.0,0.0
2004,0.0,3675135.0,5970054.0,0.0,0.0,0.0,0.0,980036.0,4900180.0,0.0,0.0,0.0,0.0,0.0,0.0,0.0,0.0,0.0,0.0
2005,0.0,7399354.0,7459742.0,0.0,0.0,9731610.0,0.0,19490059.0,9865805.0,0.0,0.0,0.0,0.0,0.0,0.0,0.0,0.0,0.0,1946322.0
2006,0.0,14949270.0,8989854.0,0.0,0.0,19932360.0,0.0,54763260.0,14966180.0,0.0,248309.0,0.0,0.0,0.0,0.0,0.0,0.0,0.0,19878248.0
2007,0.0,29299875.0,24253200.0,0.0,0.0,29533250.0,0.0,69299875.0,26916562.0,0.0,488331.0,0.0,0.0,0.0,0.0,0.0,0.0,0.0,143932250.0
2008,100000000.0,30000000.0,51008911.0,0.0,0.0,55045618.0,0.0,72408233.0,44357628.0,0.0,1944940.0,0.0,0.0,0.0,0.0,0.0,0.0,0.0,294493950.0
2009,276000000.0,41834525.0,28804331.0,0.0,0.0,57893524.0,0.0,70133095.0,47366905.0,0.0,3893524.0,0.0,0.0,0.0,0.0,0.0,0.0,0.0,413611440.0
2010,517750000.0,54708063.0,0.0,166029650.0,0.0,59953290.0,0.0,68046710.0,49941613.0,0.0,0.0,0.0,0.0,0.0,43250000.0,0.0,19532900.0,0.0,480551990.0
2011,766000000.0,66954600.0,0.0,170000000.0,0.0,46610848.0,0.0,46003536.0,47609080.0,0.0,0.0,0.0,0.0,0.0,92750000.0,47818400.0,48691040.0,0.0,642669824.0
2012,979750000.0,79664888.0,0.0,170000000.0,107319100.0,0.0,0.0,0.0,45067022.0,0.0,0.0,0.0,0.0,146890156.0,160250000.0,118123370.0,79195730.0,0.0,844638200.0
2013,1170500000.0,80000000.0,0.0,170000000.0,205654700.0,0.0,117500000.0,0.0,0.0,0.0,0.0,0.0,0.0,293482050.0,223675000.0,196523760.0,118261880.0,300000000.0,1065223075.0
2014,1334000000.0,0.0,0.0,170000000.0,254859015.0,0.0,250000000.0,0.0,0.0,0.0,135786956.0,0.0,0.0,388721163.0,223675000.0,444232415.0,154890345.0,498750000.0,1249451725.0
2015,1516750000.0,0.0,0.0,170000000.0,298950015.0,0.0,400000000.0,0.0,0.0,0.0,163346676.0,0.0,0.0,475923363.0,304500000.0,660843407.0,208716685.0,800000000.0,1328133360.0
2016,1753500000.0,0.0,0.0,0.0,398648000.0,0.0,550000000.0,0.0,0.0,143250000.0,238972480.0,238648000.0,0.0,565796720.0,314500000.0,847512320.0,281026560.0,1000000000.0,1399053600.0
2017,2035750000.0,0.0,0.0,0.0,495657000.0,0.0,750000000.0,0.0,0.0,195000000.0,297394200.0,243749400.0,239142500.0,593783960.0,328250000.0,921742750.0,357569030.0,1333333333.0,1495657000.0
2018,2255250000.0,0.0,0.0,0.0,430000000.0,0.0,1000000000.0,0.0,0.0,246500000.0,355000000.0,248624388.0,500000000.0,624000000.0,329500000.0,1000000000.0,431000000.0,1495657000.0,1900000000.0

